department_id,department_name,cities
30,Gard,Pont-Saint-Esprit(30130)|Serviers-et-Labaume(30700)|Gallargues-le-Montueux(30660)|Sainte-Anastasie(30190)|Pujaut(30131)|Saint-Laurent-d'Aigouze(30220)|Barjac(30430)|Montfrin(30490)|Anduze(30140)|Nîmes(30000#30900#30900)|Aigues-Mortes(30220)|Beauvoisin(30640#30640)|Aigues-Vives(30670)|Blauzac(30700)|Cornillon(30630)|Méjannes-lès-Alès(30340)|Bellegarde(30127)|Castillon-du-Gard(30210)|Lédignan(30350)|Générac(30510)|Saint-Julien-les-Rosiers(30340)|Montclus(30630)|Le Cailar(30740)|Valliguières(30210)|Boissières(30114)|Langlade(30980)|Aubais(30250)|Tavel(30126)|Thoiras(30140)|Servas(30340)|Sommières(30250)|Montaren-et-Saint-Médiers(30700)|Arpaillargues-et-Aureillac(30700)|Saint-Brès(30500)|Quissac(30260)|La Grand-Combe(30110#30110)|Pouzilhac(30210)|Saint-Jean-du-Gard(30270)|Générargues(30140)|Le Vigan(30120)|Combas(30250)|Saint-Christol-lès-Alès(30380)|Beaucaire(30300)|Rochefort-du-Gard(30650)|Roquemaure(30150)|Saint-Nazaire-des-Gardies(30610)|Laudun-l'Ardoise(30290#30290)|Molières-sur-Cèze(30410)|Cardet(30350)|Remoulins(30210)|Goudargues(30630)|Aujargues(30250)|Le Grau-du-Roi(30240#30240)|Saint-Martin-de-Valgalgues(30520)|Saint-Hippolyte-du-Fort(30170)|Manduel(30129)|Saint-Jean-du-Pin(30140)|Redessan(30129)|Saint-Gilles(30800)|Les Angles(30133)|Monoblet(30170)|Sauve(30610)|Vergèze(30310)|Uzès(30700)|Saint-Paulet-de-Caisson(30130)|Bernis(30620)|Villeneuve-lès-Avignon(30400)|Les Mages(30960)|Fons-sur-Lussan(30580)|L'Estréchure(30124)|Lussan(30580)|Saint-Quentin-la-Poterie(30700)|Mus(30121)|Saint-André-de-Roquepertuis(30630)|Bourdic(30190)|Gallician|Boisset-et-Gaujac(30140)|Clarensac(30870)|Navacelles(30580)|Saint-Étienne-de-l'Olm(30360)|Saint-Étienne-des-Sorts(30200)|Saint-Chaptes(30190)|Caveirac(30820)|Cavillargues(30330)|Ribaute-les-Tavernes(30720)|Montmirat(30260)|Saint-Dionisy(30980)|Calvisson(30420)|Aubord(30620)|Rivières(30430)|Mons(30340)|Bagnols-sur-Cèze(30200)|Aimargues(30470)|Vallabrègues(30300)|Saint-Privat-des-Vieux(30340)|Alès(30100)
22,Côtes-d'Armor,Trégueux(22950#22950)|Ploubazlanec(22620#22620#22620)|Saint-Alban(22400)|Ploumanach|Plougrescant(22820)|Hénon(22150)|Lamballe(22400#22400#22400#22400#22400#22400)|Évran(22630)|Penvénan(22710#22710#22710)|Landéhen(22400)|Lancieux(22770)|Plérin(22190#22190#22190)|Plouguiel(22220)|Saint-Brieuc(22000)|Pleudihen-sur-Rance(22690)|Moncontour(22510)|Plouha(22580#22580)|Plurien(22240)|Plouër-sur-Rance(22490)|Quintin(22800)|Châtelaudren-Plouagat(22170)|Pléguien(22290)|Saint-Quay-Portrieux(22410#22410)|Plouaret(22420)|Tréguier(22220)|Plouvara(22170)|Beaussais-sur-Mer(22650)|Guerlédan(22530)|Allineuc(22460)|Paimpol(22500)|Lannion(22300#22300)|Trébeurden(22560)|Saint-Cast-le-Guildo(22380#22380)|Pléneuf-Val-André(22370)|Perros-Guirec(22700#22700#22700)|Dinan(22100)|Bourseul(22130)|Yffiniac(22120)|Erquy(22430#22430#22430)|Morieux(22400)|Guingamp(22200)
44,Loire-Atlantique,Saint-Julien-de-Vouvantes(44670)|Saint-Hilaire-de-Chaléons(44680)|Carquefou(44470)|La Turballe(44420#44420)|Mesquer(44420#44420)|Saint-Julien-de-Concelles(44450)|Assérac(44410#44410)|Sautron(44880)|Port-Saint-Père(44710)|Conquereuil(44290)|Batz-sur-Mer(44740)|Bouée(44260)|Guémené-Penfao(44290#44290#44290)|Préfailles(44770)|La Remaudière(44430)|Bouguenais(44340#44340)|Guérande(44350#44350#44350#44350)|Sucé-sur-Erdre(44240)|Pornic(44210#44210#44210)|Vallet(44330)|La Plaine-sur-Mer(44770)|Pornichet(44380)|Cordemais(44360)|Vigneux-de-Bretagne(44360#44360)|Nort-sur-Erdre(44390)|Châteaubriant(44110)|Grandchamps-des-Fontaines(44119)|Quilly(44750)|Saint-André-des-Eaux(44117)|La Bernerie-en-Retz(44760)|Saint-Brevin-les-Pins(44250#44250#44250)|Nantes(44000#44100#44200#44300)|Haute-Goulaine(44115)|Geneston(44140)|Ancenis(44150)|La Chapelle-sur-Erdre(44240)|Vertou(44120#44120)|Piriac-sur-Mer(44420)|La Baule-Escoublac(44500)|Sainte-Luce-sur-Loire(44980)|Machecoul-Saint-Même(44270#44270)|Saint-Sébastien-sur-Loire(44230)|Rezé(44400#44400)|Orvault(44700)|Les Moutiers-en-Retz(44760)|Le Pouliguen(44510)|Saint-Philbert-de-Grand-Lieu(44310)|Saint-Herblain(44800)|Oudon(44521)|Le Croisic(44490)|Saint-Nazaire(44600#44600)|Ancenis-Saint-Géréon(44150)|Chaumes-en-Retz(44320#44320#44680)|Couëron(44220#44220)|Saint-Michel-Chef-Chef(44730#44730)|Herbignac(44410#44410)|Gorges(44190)|Savenay(44260)
13,Bouches-du-Rhône,Bouc-Bel-Air(13320)|Carnoux-en-Provence(13470)|Moules|Marseille 8e(13001#13002#13003#13004#13005#13006#13007#13008#13008#13008#13009#13009#13009#13010#13011#13011#13012#13013#13013#13013#13013#13013#13013#13014#13015#13016#13016)|Jouques(13490)|Meyreuil(13590)|Rognes(13840)|La couronne-carro|Miramas(13140)|Marseille 12e(13001#13002#13003#13004#13005#13006#13007#13008#13008#13008#13009#13009#13009#13010#13011#13011#13012#13013#13013#13013#13013#13013#13013#13014#13015#13016#13016)|Tarascon(13150)|Fuveau(13710#13710#13710)|Aubagne(13400#13400)|Auriol(13390)|Paradou(13520)|Peynier(13790#13790)|Marseille 1er(13001#13002#13003#13004#13005#13006#13007#13008#13008#13008#13009#13009#13009#13010#13011#13011#13012#13013#13013#13013#13013#13013#13013#13014#13015#13016#13016)|Marseille 4e(13001#13002#13003#13004#13005#13006#13007#13008#13008#13008#13009#13009#13009#13010#13011#13011#13012#13013#13013#13013#13013#13013#13013#13014#13015#13016#13016)|Gignac-la-Nerthe(13180#13180)|Marseille 2e(13001#13002#13003#13004#13005#13006#13007#13008#13008#13008#13009#13009#13009#13010#13011#13011#13012#13013#13013#13013#13013#13013#13013#13014#13015#13016#13016)|Barbentane(13570)|Lançon-Provence(13680)|Sausset-les-Pins(13960)|Marignane(13700)|Martigues(13117#13500#13500#13500#13500)|Mimet(13105)|Mouriès(13890)|Arles(13104#13123#13129#13200#13200#13280#13280)|Vitrolles(13127)|Saintes-Maries-de-la-Mer(13460)|Eyguières(13430)|Eyragues(13630)|Gardanne(13120#13120#13120)|Maussane-les-Alpilles(13520)|Sénas(13560)|Velaux(13880)|Saint-Mitre-les-Remparts(13920)|Saint-Chamas(13250)|Éguilles(13510)|Les Baux-de-Provence(13520)|Venelles(13770)|Cabannes(13440)|Berre-l'Étang(13130)|Lambesc(13410)|Allauch(13190#13190)|Marseille 9e(13001#13002#13003#13004#13005#13006#13007#13008#13008#13008#13009#13009#13009#13010#13011#13011#13012#13013#13013#13013#13013#13013#13013#13014#13015#13016#13016)|Marseille 14e(13001#13002#13003#13004#13005#13006#13007#13008#13008#13008#13009#13009#13009#13010#13011#13011#13012#13013#13013#13013#13013#13013#13013#13014#13015#13016#13016)|Carry-le-Rouet(13620#13620)|Plan-de-Cuques(13380)|Eygalières(13810)|Marseille 11e(13001#13002#13003#13004#13005#13006#13007#13008#13008#13008#13009#13009#13009#13010#13011#13011#13012#13013#13013#13013#13013#13013#13013#13014#13015#13016#13016)|Grans(13450)|Saint-Victoret(13700#13730)|Boulbon(13150)|La Roque-d'Anthéron(13640)|Saint-Martin-de-Crau(13310)|Le Tholonet(13100)|Raphele-les-arles|La Fare-les-Oliviers(13580)|La valentine|Ventabren(13122#13122)|Marseille 6e(13001#13002#13003#13004#13005#13006#13007#13008#13008#13008#13009#13009#13009#13010#13011#13011#13012#13013#13013#13013#13013#13013#13013#13014#13015#13016#13016)|Mallemort(13370#13370)|Coudoux(13111)|La Ciotat(13600)|La Penne-sur-Huveaune(13821#13821)|Mas-Blanc-des-Alpilles(13103)|Peypin(13124)|Pélissanne(13330)|Marseille 13e(13001#13002#13003#13004#13005#13006#13007#13008#13008#13008#13009#13009#13009#13010#13011#13011#13012#13013#13013#13013#13013#13013#13013#13014#13015#13016#13016)|Marseille 10e(13001#13002#13003#13004#13005#13006#13007#13008#13008#13008#13009#13009#13009#13010#13011#13011#13012#13013#13013#13013#13013#13013#13013#13014#13015#13016#13016)|Saint-Cannat(13760)|Noves(13550#13550)|Saint-Rémy-de-Provence(13210)|Maillane(13910)|Cassis(13260)|Châteauneuf-le-Rouge(13790)|Les Pennes-Mirabeau(13170#13170#13170)|Salon-de-Provence(13300)|Marseille 7e(13001#13002#13003#13004#13005#13006#13007#13008#13008#13008#13009#13009#13009#13010#13011#13011#13012#13013#13013#13013#13013#13013#13013#13014#13015#13016#13016)|Alleins(13980#13980)|Graveson(13690)|Saint-Andiol(13670)|Châteaurenard(13160)|Fontvieille(13990)|Roquevaire(13360#13360#13360)|Gémenos(13420)|Chateau-gombert|Marseille 3e(13001#13002#13003#13004#13005#13006#13007#13008#13008#13008#13009#13009#13009#13010#13011#13011#13012#13013#13013#13013#13013#13013#13013#13014#13015#13016#13016)|Beaurecueil(13100)|Mollégès(13940)|La Bouilladisse(13720#13720#13720#13720)|Istres(13118#13800)|Marseille 15e(13001#13002#13003#13004#13005#13006#13007#13008#13008#13008#13009#13009#13009#13010#13011#13011#13012#13013#13013#13013#13013#13013#13013#13014#13015#13016#13016)|Ensuès-la-Redonne(13820#13820)|Plan-d'Orgon(13750)|Aix-en-Provence(13080#13090#13100#13100#13290#13540)|Cabriès(13480#13480)|Cornillon-Confoux(13250)|Le Rove(13740#13740#13740)
77,Seine-et-Marne,Roissy-en-Brie(77680)|Fontainebleau(77300)|Provins(77160)|Égreville(77620)|Héricy(77850)|Lagny-sur-Marne(77400)|Meaux(77100)|Coulommiers(77120)|La Ferté-sous-Jouarre(77260)|Pontault-Combault(77340#77340)|Le Vaudoué(77123)|Voulx(77940)|Bussy-Saint-Georges(77600)|Serris(77700)|Villemer(77250)|Vaires-sur-Marne(77360)|Saint-Augustin(77515)|Cély(77930)
83,Var,Cotignac(83570)|Gonfaron(83590)|Puget-Ville(83390)|Antheor|Cuers(83390)|Figanières(83830)|Rayol-Canadel-sur-Mer(83820#83820)|Le Cannet-des-Maures(83340)|Roquebrune-sur-Argens(83380#83520)|Puget-sur-Argens(83480)|Le Lavandou(83980#83980)|Cabasse(83340)|La Môle(83310)|La Crau(83260#83260)|Le Val(83143)|Mazaugues(83136)|Le trayas|Bargemon(83830)|Bagnols-en-Forêt(83600)|Vidauban(83550)|Les Arcs(83460)|Fox-Amphoux(83670)|Les Adrets-de-l'Estérel(83600)|Saint-Tropez(83990)|Le Muy(83490)|Méounes-lès-Montrieux(83136)|Saint-Paul-en-Forêt(83440)|Porquerolles|Gassin(83580)|Salernes(83690)|Néoules(83136)|La Londe-les-Maures(83250)|Tavernes(83670)|La Farlède(83210)|Ollioules(83190)|Saint-Mandrier-sur-Mer(83430)|Châteaudouble(83300#83300)|Plan-de-la-Tour|La Motte(83920)|Flayosc(83780)|Callian(83440)|Régusse(83630)|La Croix-Valmer(83420)|Pignans(83790)|Cogolin(83310)|La Seyne-sur-Mer(83500#83500#83500)|Villecroze(83690)|Carqueiranne(83320)|Tanneron(83440)|Seillans(83440#83440)|Sanary-sur-Mer(83110)|Bormes-les-Mimosas(83230)|Carcès(83570)|Saint-Maximin-la-Sainte-Baume(83470)|Sainte-Maxime(83120)|Saint-Zacharie(83640)|Le Castellet(83330#83330#83330#83330#83330)|Fréjus(83370#83600)|Sillans-la-Cascade(83690)|Toulon(83000#83100#83200)|Nans-les-Pins(83860)|Draguignan(83300)|Tourtour(83690)|Hyères(83400#83400#83400#83400#83400#83400#83400#83400#83400#83400)|La Cadière-d'Azur(83740#83740)|Montauroux(83440)|Saint-Cyr-sur-Mer(83270#83270#83270#83270)|Aups(83630)|Rians(83560)|Cavalaire-sur-Mer(83240)|La Valette-du-Var(83160)|Flassans-sur-Issole(83340)|Lorgues(83510)|Signes(83870)|Évenos(83330)|Besse-sur-Issole(83890)|Trans-en-Provence(83720)|Bauduen(83630)|Le Revest-les-Eaux(83200)|Bandol(83150)|Le Luc(83340)|Ampus(83111)|Bras(83149)|Callas(83830)|La Garde-Freinet(83680)|Tourves(83170)|Agay|Port-grimaud|Brignoles(83170)|Tourrettes(83440)|Le Beausset(83330)|Saint-Raphaël(83530#83530#83530#83530#83700#83700)|Pierrefeu-du-Var(83390)|Ramatuelle(83350)|Six-Fours-les-Plages(83140#83140#83140)|Fayence(83440)|Garéoult(83136)|Grimaud(83310#83310)|Le Thoronet(83340)|Forcalqueiret(83136)|Rocbaron(83136)|Mons(83440)|Entrecasteaux(83570)|Plan-d'Aups-Sainte-Baume(83640)
06,Alpes-Maritimes,Le golfe-juan|La Penne(06260)|Blausasc(06440)|Le Bar-sur-Loup(06620)|Séranon(06750#06750)|La Turbie(06320)|Bendejun(06390)|Cap-d-antibes|Le Rouret(06650)|Roquebrune-Cap-Martin(06190#06190)|Mandelieu-la-Napoule(06210#06210)|Pégomas(06580)|La Colle-sur-Loup(06480)|Saint-Jean-Cap-Ferrat(06230)|Vence(06140)|Castagniers(06670)|Castellar(06500)|Roubion(06420)|Sospel(06380)|Saint-Martin-Vésubie(06450#06450)|Tourrettes-sur-Loup(06140)|Le Cannet(06110#06110)|Cap-d'Ail(06320)|Peymeinade(06530)|Biot(06410)|Cagnes-sur-Mer(06800#06800)|Beaulieu-sur-Mer(06310)|Opio(06650)|Saint-Cézaire-sur-Siagne(06530)|La Gaude(06610)|Le cros-de-cagnes|Auron|Menton(06500)|Auribeau-sur-Siagne(06810)|Roquefort-les-Pins(06330)|Grasse(06130#06130#06130#06520)|Carros(06510)|Saint-Paul|Cannes(06150#06400)|Vallauris(06220#06220)|Cabris(06530)|Le Tignet(06530)|La Roquette-sur-Siagne(06550)|Isola(06420)|Châteauneuf-Grasse(06740)|Valbonne(06560#06560)|Mouans-Sartoux(06370)|Saint-Vallier-de-Thiey(06460)|Peille(06440#06440)|Sainte-Agnès(06500)|Juan-les-pins|Villeneuve-Loubet(06270)|Théoule-sur-Mer(06590#06590)|Èze(06360)|Saint-Étienne-de-Tinée(06660#06660)|Antibes(06160#06160#06600#06600)|Gorbio(06500)|Saint-Jeannet(06640)|Saint-Martin-du-Var(06670)|Caille(06750)|Falicon(06950)|Beausoleil(06240)|Coursegoules(06140)|Villefranche-sur-Mer(06230)|Saint-Laurent-du-Var(06700)|Mougins(06250)|Saint-André-de-la-Roche(06730)|Colomars(06670)|Aspremont(06790)|Spéracèdes(06530)|Nice(06000#06100#06200#06200#06200#06300)
86,Vienne,L'Isle-Jourdain(86150)|Vaux-sur-Vienne(86220)|Vouneuil-sous-Biard(86580#86580)|La Trimouille(86290)|Chauvigny(86300#86300)|Pressac(86460)|Bignoux(86800)|Luchapt(86430)|Colombiers(86490)|Naintré(86530)|Genouillé(86250)|Châtellerault(86100#86100)|Poitiers(86000)|Charroux(86250)|Angles-sur-l'Anglin(86260)
33,Gironde,Le Teich(33470)|Arès(33740)|Le Pian-Médoc(33290)|Bordeaux(33000#33100#33200#33300#33800)|Cambes(33880)|Bègles(33130)|Le Bouscat(33110)|Montignac(33760)|Andernos-les-Bains(33510)|Saint-Savin(33920)|Saint-Laurent-d'Arce(33240)|Gujan-Mestras(33470)|Beychac-et-Caillau(33750)|Margaux-Cantenac(33460)|Rauzan(33420)|Saint-Médard-en-Jalles(33160)|Sainte-Hélène(33480)|Barsac(33720)|Pineuilh(33220)|Talence(33400)|Villenave-d'Ornon(33140#33140)|Lesparre-Médoc(33340)|Lormont(33310)|Belin-Béliet(33830#33830)|Soussac(33790)|Castelnau-de-Médoc(33480)|Coutras(33230)|Carbon-Blanc(33560)|Gradignan(33170)|Mérignac(33700)|Sainte-Foy-la-Grande(33220)|Biganos(33380#33380)|Blanquefort(33290)|Monségur(33580)|Martignas-sur-Jalle(33127)|Pyla-sur-mer|Montussan(33450)|Bassens(33530)|Saint-Jean-d'Illac(33127)|Sainte-Croix-du-Mont(33410)|Pessac(33600)|Le Tourne(33550)|Eysines(33320)|Blaye(33390)|Yvrac(33370)|Quinsac(33360)|Saint-Émilion(33330)|Arveyres(33500)|La Teste-de-Buch(33115#33115#33260#33260)|Le Porge(33680)|Langoiran(33550)|Vendays-Montalivet(33930)|Le Taillan-Médoc(33320)|Bourg(33710)|Saint-André-de-Cubzac(33240)|Lège-Cap-Ferret(33950#33950#33970#33970)|Lacanau(33680#33680)|Bruges(33520)|Gensac(33890)|Salles(33770)|La Lande-de-Fronsac(33240)|Floirac(33270)|Soulac-sur-Mer(33780)|Ludon-Médoc(33290)|Saint-Loubès(33450)|Marcenais(33620)|Sainte-Eulalie(33560)|Carignan-de-Bordeaux(33360)|Libourne(33500)|Lanton(33138#33138)|Avensan(33480)|Saint-Sulpice-et-Cameyrac(33450)|Audenge(33980)|Baigneaux(33760)|Cadaujac(33140)|Targon(33760)|Saint-Aubin-de-Médoc(33160)|Vayres(33870)|Cestas(33610#33610)|Ambarès-et-Lagrave(33440)|Arsac(33460)|Carcans(33121#33121)|Mios(33380#33380)|Saint-Caprais-de-Bordeaux(33880)|Bazas(33430)|Arcachon(33120)|Camblanes-et-Meynac(33360)|Cap-ferret|Langon(33210)|Saint-Seurin-sur-l'Isle(33660)
92,Hauts-de-Seine,Courbevoie(92400)|Châtillon(92320)|Clamart(92140#92140)|Puteaux(92800)|Rueil-Malmaison(92500#92500)|Meudon(92190#92360)|Malakoff(92240)|Sceaux(92330)|Issy-les-Moulineaux(92130)|Saint-Cloud(92210)|Boulogne-Billancourt(92100)|Montrouge(92120)|Châtenay-Malabry(92290#92290)|Neuilly-sur-Seine(92200)|Fontenay-aux-Roses(92260)|Bagneux(92220)|Garches(92380)|Sèvres(92310)|Suresnes(92150)|La Garenne-Colombes(92250)|Levallois-Perret(92300)|Marnes-la-Coquette(92430)|Asnières-sur-Seine(92600)|Colombes(92700)
34,Hérault,Autignac(34480)|Saint-Mathieu-de-Tréviers(34270)|Castries(34160)|Saint-Drézéry(34160)|Marseillan(34340#34340)|Montouliers(34310)|Le Caylar(34520)|Montarnaud(34570)|Saint-Gély-du-Fesc(34980)|Balaruc-les-Bains(34540)|Lignan-sur-Orb(34490)|Pérols(34470)|Saint-Jean-de-Védas(34430)|Agde(34300#34300)|Saint-Clément-de-Rivière(34980)|Quarante(34310)|Saint-Georges-d'Orques(34680)|Saint-André-de-Sangonis(34725)|Creissan(34370)|Bélarga(34230)|Mèze(34140)|Poussan(34560)|Arboras(34150)|Sauvian(34410)|Les Matelles(34270)|Gigean(34770)|Colombiers(34440)|Béziers(34500)|La Grande-Motte(34280)|Mauguio(34130#34280)|Lunel(34400)|Sète(34200)|Fabrègues(34690)|Combaillaux(34980)|Frontignan(34110#34110)|Pailhès(34490)|La Boissière(34150)|Lodève(34700)|Montagnac(34530)|Vias(34450)|Sérignan(34410)|Cessenon-sur-Orb(34460)|Tourbes(34120)|Coulobres(34290)|Bouzigues(34140)|Saint-Aunès(34130)|Salasc(34800)|Montferrier-sur-Lez(34980)|Baillargues(34670)|Capestang(34310)|Magalas(34480)|Gignac(34150)|Murviel-lès-Béziers(34490)|Ceyras(34800)|La Livinière(34210)|Ferrières-les-Verreries(34190)|Portiragnes(34420)|Roujan(34320)|Carnon-plage|Bessan(34550)|Argelliers(34380)|Lattes(34970)|Saint-Bauzille-de-la-Sylve(34230)|Saint-Chinian(34360)|Thézan-lès-Béziers(34490)|Teyran(34820)|Lunel-Viel(34400)|Juvignac(34990)|Le Cap d'Agde|Cazilhac(34190)|Olonzac(34210)|Corneilhan(34490)|Prades-le-Lez(34730)|Causses-et-Veyran(34490)|Cournonterral(34660)|Montpellier(34000#34070#34080#34090)|Pézenas(34120)|Castelnau-le-Lez(34170)|Pignan(34570)|Clermont-l'Hérault(34800)|Faugères(34600)|Valras-Plage(34350)|Puissalicon(34480)
68,Haut-Rhin,Sainte-Marie-aux-Mines(68160#68160)|Wintzenheim(68124#68920)|Sentheim(68780)|Mulhouse(68100#68200#68200#68200)|Niedermorschwihr(68230)|Illfurth(68720)|Colmar(68000)|Munchhouse(68740)|Masevaux-Niederbruck(68290#68290)
38,Isère,Méaudre|Oyeu(38690)|Huez(38750#38750)|Saint-Vérand(38160)|L'alpe-d-huez|Les deux-alpes|Courtenay(38510)|Saint-Martin-d'Hères(38400)|Bourgoin-Jallieu(38300#38300)|La Combe-de-Lancey(38190)|Mont-de-Lans|Villard-de-Lans(38250)|Saint-Martin-le-Vinoux(38950)|Le Bourg-d'Oisans(38520)|Corenc(38700)|Grenoble(38000#38100)|Claix(38640)|La Côte-Saint-André(38260)|Réaumont(38140)|Oz(38114)|Colombe(38690)|Montbonnot-Saint-Martin(38330)|Les Avenières Veyrins-Thuellin(38630#38630#38630)|Le Pont-de-Beauvoisin(38480)|La Buissière(38530)|La Terrasse(38660)|Saint-Jean-de-Moirans(38430)|Saint-Ismier(38330)|Vinay(38470)|Coublevie(38500)|Saint-Bernard(38660)|Saint-Nazaire-les-Eymes(38330)|Moirans(38430)|Saint-Sauveur(38160)|Échirolles(38130)|Crolles(38920)|Champagnier(38800)|Saint-Lattier(38840)|Autrans|Entraigues(38740)|Saint-Geoire-en-Valdaine(38620)|Eybens(38320)|Vizille(38220)|Varces-Allières-et-Risset(38760)|Vienne(38200)|Agnin(38150)|Le Grand-Lemps(38690)|Voiron(38500)|Saint-Siméon-de-Bressieux(38870)
75,Paris,Paris 19e(75001#75002#75003#75004#75005#75006#75007#75008#75009#75010#75011#75012#75013#75014#75015#75016#75116#75017#75018#75019#75020)|Paris 11e(75001#75002#75003#75004#75005#75006#75007#75008#75009#75010#75011#75012#75013#75014#75015#75016#75116#75017#75018#75019#75020)|Paris 20e(75001#75002#75003#75004#75005#75006#75007#75008#75009#75010#75011#75012#75013#75014#75015#75016#75116#75017#75018#75019#75020)|Paris 5e(75001#75002#75003#75004#75005#75006#75007#75008#75009#75010#75011#75012#75013#75014#75015#75016#75116#75017#75018#75019#75020)|Paris 18e(75001#75002#75003#75004#75005#75006#75007#75008#75009#75010#75011#75012#75013#75014#75015#75016#75116#75017#75018#75019#75020)|Paris 1er(75001#75002#75003#75004#75005#75006#75007#75008#75009#75010#75011#75012#75013#75014#75015#75016#75116#75017#75018#75019#75020)|Paris 7e(75001#75002#75003#75004#75005#75006#75007#75008#75009#75010#75011#75012#75013#75014#75015#75016#75116#75017#75018#75019#75020)|Paris 16e(75001#75002#75003#75004#75005#75006#75007#75008#75009#75010#75011#75012#75013#75014#75015#75016#75116#75017#75018#75019#75020)|Paris 12e(75001#75002#75003#75004#75005#75006#75007#75008#75009#75010#75011#75012#75013#75014#75015#75016#75116#75017#75018#75019#75020)|Paris 10e(75001#75002#75003#75004#75005#75006#75007#75008#75009#75010#75011#75012#75013#75014#75015#75016#75116#75017#75018#75019#75020)|Paris 6e(75001#75002#75003#75004#75005#75006#75007#75008#75009#75010#75011#75012#75013#75014#75015#75016#75116#75017#75018#75019#75020)|Paris 3e(75001#75002#75003#75004#75005#75006#75007#75008#75009#75010#75011#75012#75013#75014#75015#75016#75116#75017#75018#75019#75020)|Paris 15e(75001#75002#75003#75004#75005#75006#75007#75008#75009#75010#75011#75012#75013#75014#75015#75016#75116#75017#75018#75019#75020)|Paris 9e(75001#75002#75003#75004#75005#75006#75007#75008#75009#75010#75011#75012#75013#75014#75015#75016#75116#75017#75018#75019#75020)|Paris 4e(75001#75002#75003#75004#75005#75006#75007#75008#75009#75010#75011#75012#75013#75014#75015#75016#75116#75017#75018#75019#75020)|Paris 14e(75001#75002#75003#75004#75005#75006#75007#75008#75009#75010#75011#75012#75013#75014#75015#75016#75116#75017#75018#75019#75020)|Paris(75001#75002#75003#75004#75005#75006#75007#75008#75009#75010#75011#75012#75013#75014#75015#75016#75116#75017#75018#75019#75020)|Paris 17e(75001#75002#75003#75004#75005#75006#75007#75008#75009#75010#75011#75012#75013#75014#75015#75016#75116#75017#75018#75019#75020)|Paris 13e(75001#75002#75003#75004#75005#75006#75007#75008#75009#75010#75011#75012#75013#75014#75015#75016#75116#75017#75018#75019#75020)|Paris 8e(75001#75002#75003#75004#75005#75006#75007#75008#75009#75010#75011#75012#75013#75014#75015#75016#75116#75017#75018#75019#75020)
24,Dordogne,Siorac-en-Périgord(24170)|Tourtoirac(24390)|Saint-Geniès(24590)|Montagrier(24350)|Saint-Cyprien(24220)|Verteillac(24320)|Trélissac(24750)|Vitrac(24200)|Trémolat(24510)|Saint-Martin-des-Combes(24140)|Gardonne(24680)|Château-l'Évêque(24460)|Ménesplet(24700)|Saint-Vincent-de-Cosse(24220)|Coursac(24430)|La Roque-Gageac(24250)|Saint-Martial-d'Artenset(24700)|Coulounieix-Chamiers(24660)|Montignac(24290)|Castelnaud-la-Chapelle(24250#24250)|Les Eyzies-de-Tayac-Sireuil(24620#24620)|Brantôme en Périgord(24310#24310)|Saint-Vincent-de-Connezac(24190)|Bergerac(24100)|Eymet(24500)|Razac-sur-l'Isle(24430)|Beynac-et-Cazenac(24220)|Lalinde(24150)|Sarlat-la-Canéda(24200)|Villefranche-de-Lonchat(24610)|Montrem(24110)|Saint-Jean-de-Côle(24800)|Payzac(24270)|Nontron(24300)|Saint-Aulaye|Domme(24250)|Issigeac(24560)|Tamniès(24620)|Saint-Laurent-des-Hommes(24400)|Monbazillac(24240)|Douzillac(24190)|La Chapelle-Gonaguet(24350)|Belvès|Hautefort(24390)|Génis(24160)|Brantôme|Marsac-sur-l'Isle(24430)|Eygurande-et-Gardedeuil(24700)|Coubjours(24390)|Le Bugue(24260)|Thenon(24210)|Nantheuil(24800)|Montpon-Ménestérol(24700)|Rouffignac-Saint-Cernin-de-Reilhac(24580#24580)|Villefranche-du-Périgord(24550)|Monestier(24240)|Sigoulès(24240)|Saint-Léon-sur-Vézère(24290)|Marcillac-Saint-Quentin(24200)|Saint-Barthélemy-de-Bellegarde(24700)|Excideuil(24160)|Notre-Dame-de-Sanilhac|Annesse-et-Beaulieu(24430)|La Roche-Chalais(24490#24490#24490)|Daglan(24250)|Mussidan(24400)|Beaumontois en Périgord(24440#24440#24440#24440#24440)|La Chapelle-Aubareil(24290)|Saint-André-d'Allas(24200)|Marquay(24620)|Les Eyzies|Monpazier(24540)|Périgueux(24000)|Thiviers(24800)
11,Aude,Palaja(11570)|Castelnaudary(11400)|Puichéric(11700)|Villemoustaussou(11620)|Treilles(11510)|Villeneuve-les-Corbières(11360)|Gruissan(11430#11430)|Fenouillet-du-Razès(11240)|Sallèles-d'Aude(11590)|Montséret(11200)|Saint-Michel-de-Lanès(11410)|Leucate(11370#11370#11370)|Carcassonne(11000#11000#11000#11000#11000#11000)|Saissac(11310)|Sainte-Camelle(11410)|Peyriac-de-Mer(11440)|Arques(11190)|Salles-sur-l'Hers(11410)|Saint-Marcel-sur-Aude(11120)|Belcastel-et-Buc(11580)|La Palme(11480)|Sigean(11130)|Limoux(11300)|Marcorignan(11120)|La Redorte(11700)|Montclar(11250)|Escouloubre(11140)|Fabrezan(11200)|Pradelles-Cabardès(11380)|Narbonne(11100#11100)|Cascastel-des-Corbières(11360)|Portel-des-Corbières(11490)|Puivert(11230)|Gruissan-plage(11430#11430)|Chalabre(11230)|Corbières(11230)|Belvèze-du-Razès(11240)|Villeneuve-Minervois(11160)|Ouveillan(11590)|Montolieu(11170)|Quillan(11500#11500)|Villesèque-des-Corbières(11360)|Bages(11100)|Brousses-et-Villaret(11390)|Fontcouverte(11700)|Peyriac-Minervois(11160)|Mas-Saintes-Puelles(11400)|Aragon(11600)|Capendu(11700)|Coursan(11110)|Cailhau(11240)|Cucugnan(11350)|Bram(11150)|Villesiscle(11150)|Lézignan-Corbières(11200)|Argeliers(11120)|Lagrasse(11220)|Escueillens-et-Saint-Just-de-Bélengard(11240#11240)
17,Charente-Maritime,Vérines(17540)|Vinax(17510)|Les Portes-en-Ré(17880)|Cabariot(17430)|Vaux-sur-Mer(17640)|Saint-Pierre-d'Oléron(17310#17310)|Montguyon(17270)|Ferrières(17170)|Mirambeau(17150#17150)|Sainte-Marie-de-Ré(17740)|Le Bois-Plage-en-Ré(17580)|Nuaillé-d'Aunis(17540)|La Flotte(17630)|Loix(17111)|Saint-Sulpice-de-Royan(17200)|Saint-Clément-des-Baleines(17590#17590)|Arvert(17530)|Saint-Agnant(17620)|Saint-Martin-de-Ré(17410)|Rivedoux-Plage(17940)|Saint-Sauveur-d'Aunis(17540)|Étaules(17750)|La pallice|Angoulins(17690)|Mazeray(17400)|Bourcefranc-le-Chapus(17560)|Saint-Ouen-d'Aunis(17230)|La Rochelle(17000#17000#17000)|Montroy(17220)|Marennes(17320)|Saint-Jean-d'Angély(17400)|Saint-Georges-d'Oléron(17190#17190#17190#17190#17190#17190)|Médis(17600)|La Jarrie(17220)|Saint-Denis-d'Oléron(17650)|Lagord(17140)|Port-des-Barques(17730)|Yves(17340#17340)|Royan(17200)|Les Mathes(17570)|Pons(17800)|Breuillet(17920)|Périgny(17180)|Marsilly(17137)|La Couarde-sur-Mer(17670)|Saintes(17100)|L'Houmeau(17137)|Mornac-sur-Seudre(17113)|La Jarne(17220)|Saint-Xandre(17138)|Aytré(17440)|Néré(17510)|Rochefort(17300)|Saint-Palais-sur-Mer(17420#17420)|Châtelaillon-Plage(17340)|Ronce-les-bains|Saint-Trojan-les-Bains(17370)|Puilboreau(17138)|Le Château-d'Oléron(17480#17480#17480#17480)|Saint-Georges-de-Didonne(17110)|Saint-Pierre-de-Juillers(17400)|Dolus-d'Oléron(17550)
56,Morbihan,Le Faouët(56320)|Gâvres(56680)|Elven(56250)|Riantec(56670)|Brech(56400)|Merlevenez(56700)|Guidel(56520)|Hennebont(56700)|Evellys|La Roche-Bernard(56130)|Saint-Nolff(56250)|Kernascléden(56540)|Noyal-Pontivy(56920)|Plumelec(56420)|Séné(56860)|Le Tour-du-Parc(56370)|Theix-Noyalo(56450#56450)|Baden(56870)|Groix(56590)|Locoal-Mendon(56550)|Pontivy(56300)|Cléguer(56620)|Noyal-Muzillac(56190)|Plouay(56240)|Port-Louis(56290)|Guémené-sur-Scorff(56160)|Île-aux-Moines(56780)|Quéven(56530)|Damgan(56750)|Plescop(56890)|Rochefort-en-Terre(56220)|Sainte-Anne-d'Auray(56400)|Bono(56400)|Auray(56400)|Saint-Avé(56890)|Saint-Philibert(56470)|Questembert(56230)|Larmor-Plage(56260)|Kervignac(56700)|Ploemel(56400)|Quiberon(56170)|Grand-Champ(56390)|Saint-Gildas-de-Rhuys(56730)|Ménéac(56490)|Lorient(56100)|Belz(56550)|Larmor-Baden(56870)|Saint-Armel(56450)|Sainte-Hélène(56700)|La Gacilly(56200)|Ploemeur(56270)|Île-d'Arz(56840)|La Trinité-sur-Mer(56470)|Caudan(56850)|Surzur(56450)|Saint-Pierre-Quiberon(56510)|Arradon(56610)|Locmariaquer(56740)|Sarzeau(56370)|Plouhinec(56680)|Pluvigner(56330#56330)|Carnac(56340)|Plougoumelen(56400)|Le Hézo(56450)|Île-d'Houat(56170)|Erdeven(56410)|Arzon(56640#56640)|Melrand(56310)|Vannes(56000)|Ploërmel(56800)|Nostang(56690)|Treffléan(56250)
31,Haute-Garonne,Saint-Félix-Lauragais(31540)|Ausson(31210)|Carbonne(31390)|Lacroix-Falgarde(31120)|Fonsorbes(31470)|Gauré(31590)|Toulouse(31000#31100#31200#31300#31400#31500)|Goyrans(31120)|Gragnague(31380)|Salies-du-Salat(31260)|Montgeard(31560)|Calmont(31560)|Vacquiers(31340)|Aurignac(31420)|Cépet(31620)|Verfeil(31590)|Revel(31250#31250)|Grenade(31330)|Pechbonnieu(31140)|Blagnac(31700)|Launaguet(31140)|Auterive(31190)|Odars(31450)|Saint-Martory(31360)|Villefranche-de-Lauragais(31290)|Cugnaux(31270)|Merville(31330)|Saint-Sulpice-sur-Lèze(31410)|Montréjeau(31210)|La Magdelaine-sur-Tarn(31340)|Caraman(31460)|Rieumes(31370)|Castelnau-d'Estrétefonds(31620)|Saint-Jean(31240)|Montlaur(31450)|Rouffiac-Tolosan(31180)|Massabrac(31310)|Montgazin(31410)|Launac(31330)|Portet-sur-Garonne(31120)|Lavernose-Lacasse(31410)|Tournefeuille(31170)|Montrabé(31850)|Saint-Lys(31470)|Puymaurin(31230)|Venerque(31810)|Saint-Sauveur(31790)|Daux(31700)|Villeneuve-de-Rivière(31800)|Cazères(31220)|Pechbusque(31320)|Saubens(31600)|Lapeyrouse-Fossat(31180)|Saint-Béat-Lez(31440)|Flourens(31130)|Gratens(31430)|Beauville(31460)|Montastruc-la-Conseillère(31380)|Muret(31600)|Beaumont-sur-Lèze(31870)|Mauran(31220)|Vernet(31810)
78,Yvelines,Villennes-sur-Seine(78670)|Maurecourt(78780)|La Celle-Saint-Cloud(78170)|Maisons-Laffitte(78600)|Viroflay(78220)|Triel-sur-Seine(78510#78510#78510)|Brueil-en-Vexin(78440)|Clairefontaine-en-Yvelines(78120)|Mantes-la-Jolie(78200)|Le Mesnil-le-Roi(78600#78600)|Montesson(78360)|Noisy-le-Roi(78590)|Orgeval(78630)|Jouy-en-Josas(78350)|Feucherolles(78810)|Rambouillet(78120)|Les Alluets-le-Roi(78580)|Plaisir(78370)|Houdan(78550)|Aigremont(78240)|Gambais(78950)|Gargenville(78440)|Croissy-sur-Seine(78290)|Saint-Germain-en-Laye(78100)|Le Pecq(78230)|Le Chesnay-Rocquencourt(78150#78150)|L'Étang-la-Ville(78620)|Drocourt(78440)|Saint-Rémy-l'Honoré(78690)|Marly-le-Roi(78160#78160)|Louveciennes(78430)|Évecquemont(78740)|Le Vésinet(78110)|Versailles(78000)|Vélizy-Villacoublay(78140)|Poigny-la-Forêt(78125)|Chatou(78400)|Maule(78580)|Montfort-l'Amaury(78490)|Les Loges-en-Josas(78350)|Mareil-Marly(78750)
74,Haute-Savoie,Doussard(74210)|Abondance(74360)|Rumilly(74150)|Talloires-Montmin(74210#74290)|Fillinges(74250)|Praz-sur-Arly(74120)|Domancy(74700)|Clermont(74270)|La Balme-de-Thuy(74230)|Entremont(74130)|Saint-Julien-en-Genevois(74160)|Pers-Jussy(74930)|Cluses(74300)|Annecy(74000)|Châtel(74390)|Seytroux(74430)|Lucinges(74380)|Cranves-Sales(74380)|Mont-Saxonnex(74130)|Veigy-Foncenex(74140)|Nernier(74140)|Groisy(74570)|Thollon-les-Mémises(74500)|Publier(74500#74500)|Annemasse(74100)|Lovagny(74330)|Usinens(74910)|Cran-Gevrier(74960)|Thônes(74230)|Samoëns(74340)|Vulbens(74520)|Juvigny(74100)|Les Gets(74260)|Vieugy|Argentiere|Évian-les-Bains(74500)|Ballaison(74140)|Vétraz-Monthoux(74100)|Yvoire(74140)|Champanges(74500)|Minzier(74270)|Présilly(74160)|Amphion-les-bains|Sévrier|Draillant(74550)|Morzine(74110#74110)|Chens-sur-Léman(74140)|Megève(74120)|Féternes(74500)|Poisy(74330)|Bonneville(74130)|Maxilly-sur-Léman(74500)|Alby-sur-Chéran(74540)|Saint-Pierre-en-Faucigny(74800)|Verchaix(74440)|Les Villards-sur-Thônes(74230)|Saint-Cergues(74140)|Combloux(74920)|Arâches-la-Frasse(74300#74300#74300)|Les Clefs(74230)|Veyrier-du-Lac(74290)|Les Houches(74310)|Neuvecelle(74500)|Epagny Metz-Tessy(74330#74370)|Massingy(74150)|Contamine-sur-Arve(74130)|Douvaine(74140)|Sillingy(74330)|Passy(74190#74190#74480#74480#74480#74480#74480#74480#74480)|Talloires|Mieussy(74440#74440)|Archamps(74160)|Saint-Jorioz(74410)|Choisy(74330)|Thonon-les-Bains(74200#74200)|Annecy-le-Vieux(74940)|Viry(74580)|Margencel(74200)|Manigod(74230)|Vers(74160)|Habère-Lullin(74420)|La Clusaz(74220)|Cordon(74700)|Saint-Germain-sur-Rhône(74910)|Chênex(74520)|Les carroz-d-araches|Chamonix-Mont-Blanc(74400#74400#74400#74400)|Collonges-sous-Salève(74160)|Essert-Romand(74110)|Excenevex(74140)|Gruffy(74540)|Bellevaux(74470)|Gaillard(74240)|Sciez(74140)|Viuz-en-Sallaz(74250)|Menthon-Saint-Bernard(74290)|Lathuile(74210)|Demi-Quartier(74120)|Villy-le-Pelloux(74350)|Messery(74140)|Allinges(74200)|Morillon(74440)|Saint-André-de-Boëge(74420)|Marnaz(74460)|Reignier|Saint-Jean-de-Sixt(74450)|Saint-Gervais-les-Bains(74170#74170#74170)|Marignier(74970)
64,Pyrénées-Atlantiques,Ahetze(64210)|Anglet(64600)|Bayonne(64100)|Jatxou(64480)|Louhossoa(64250)|Saint-Pée-sur-Nivelle(64310)|Bidart(64210)|Ustaritz(64480)|Pau(64000)|Idron(64320)|Ciboure(64500)|Ascain(64310)|Arcangues(64200)|Itxassou(64250)|Jurançon(64110)|Saint-Pierre-d'Irube(64990)|Urrugne(64122#64700)|Arbonne(64210)|Sames(64520)|Sare(64310)|Orthez(64300#64300)|Lée(64320)|Billère(64140)|Bassussarry(64200)|Salies-de-Béarn(64270)|Bidache(64520)|Biarritz(64200)|Hendaye(64700)|Aste-Béon(64260)|Saint-Jean-de-Luz(64500)|Souraïde(64250)|Ousse(64320)
26,Drôme,Grignan(26230)|Montélimar(26200)|Montboucher-sur-Jabron(26740)|Grane(26400)|Hauterives(26390)|Vinsobres(26110)|Saint-Donat-sur-l'Herbasse(26260)|Chatuzange-le-Goubet(26300#26300)|Anneyron(26140)|Vesc(26220)|Clérieux(26260)|Saillans(26340)|Génissieux(26750)|Saint-Marcel-lès-Sauzet(26740)|Livron-sur-Drôme(26250#26250)|Mirmande(26270)|Mirabel-aux-Baronnies(26110)|Espeluche(26780)|Charmes-sur-l'Herbasse(26260)|Mollans-sur-Ouvèze(26170)|Salles-sous-Bois(26770)|La Touche(26160)|Suze-la-Rousse(26790)|Étoile-sur-Rhône(26800#26800)|La Garde-Adhémar(26700)|Le Poët-Laval(26160)|Saint-Christophe-et-le-Laris(26350)|Marsanne(26740)|Condillac(26740)|Châteauneuf-sur-Isère(26300)|La Baume-de-Transit(26790)|Alixan(26300)|Chabeuil(26120#26120)|Upie(26120)|Châteauneuf-de-Galaure(26330)|Valaurie(26230)|Reilhanette(26570)|Saint-Auban-sur-l'Ouvèze(26170)|Saint-Julien-en-Vercors(26420)|Épinouze(26210)|Saint-Jean-en-Royans(26190)|Peyrins(26380)|Eygluy-Escoulin(26400)|Crest(26400)|Rochegude(26790)|Claveyson(26240)|La Bégude-de-Mazenc(26160)|Autichamp(26400)|Portes-en-Valdaine(26160)|Montmeyran(26120)|Romans-sur-Isère(26100)|Montbrun-les-Bains(26570)|Léoncel(26190)|Margès(26260)|Saint-Martin-en-Vercors(26420)|Tain-l'Hermitage(26600)|Malissard(26120)|Eurre(26400)|Ratières(26330)|Peyrus(26120)|La Roche-de-Glun(26600)|Bonlieu-sur-Roubion(26160)|Dieulefit(26220)|Valence(26000)|Saint-Barthélemy-de-Vals(26240)|Nyons(26110)|Bésayes(26300)|Parnans(26750)
50,Manche,Saint-Hilaire-du-Harcouët(50600#50600#50730)|Lessay(50430#50430)|Barneville-Carteret(50270)|Blainville-sur-Mer(50560)|Fermanville(50840)|Coutances(50200)|Picauville(50250#50250#50250#50360#50480#50480)|Torigni-sur-Vire|Saint-Vaast-la-Hougue(50550#50550)|Saint-Lô(50000)|Donville-les-Bains(50350)|Cherbourg-en-Cotentin(50100#50110#50120#50130#50130#50460#50470)|Gouville-sur-Mer|Avranches(50300)|Port-Bail-sur-Mer|Saint-Pierre-Église(50330)|Valognes(50700)|Sainte-Mère-Église(50480#50480#50480#50480#50480)|Cerisy-la-Forêt(50680)
20,,Corbara|Aléria|Figari|Calenzana|Olmeto|Corte|Lecci|Canari|Zonza|Borgo|Pietrosella|Appietto|Sari-Solenzara|Afa|Monacia-d'Aullène|Belvédère-Campomoro|Sotta|Propriano|Coti-Chiavari|Bonifacio|Ville-di-Pietrabugno|Sainte-Lucie-de-Tallano|Sartène|San-Gavino-di-Carbini|Grosseto-Prugna|L'Île-Rousse|Alata|Pianottoli-Caldarello|Bastelicaccia|Lumio|Ghisonaccia|Conca|Bastia|Saint-Florent|Solaro|Monticello|Porticcio|Ajaccio|Porto|Porto-Vecchio
35,Ille-et-Vilaine,Saint-Briac-sur-Mer(35800)|Saint-Lunaire(35800)|Chantepie(35135)|Le Rheu(35650#35650)|Cesson-Sévigné(35510)|Saint-M'Hervé(35500)|Cancale(35260)|Mordelles(35310)|Lécousse(35133)|Québriac(35190)|Saint-Grégoire(35760)|Dinard(35800)|Pacé(35740)|Saint-Malo(35400#35400#35400#35400#35400)|Saint-Armel(35230)|Rennes(35000#35200#35700)|Châteaugiron(35410)|Le Minihic-sur-Rance(35870)|Combourg(35270)|Vitré(35500)|Fougères(35300)|Bain-de-Bretagne(35470)|Guipry-Messac(35480#35480)|Saint-Broladre(35120)|Pleurtuit(35730)|Saint-Père-Marc-en-Poulet(35430)
69,Rhône,Lyon(69001#69002#69003#69004#69005#69006#69007#69008#69009)|Sainte-Foy-lès-Lyon(69110)|Lentilly(69210)|Écully(69130)|Francheville(69340)|Ternay(69360)|Saint-Laurent-de-Mure(69720)|Fontaines-sur-Saône(69270)|Anse(69480)|Jonage(69330)|Lacenas(69640)|Lyon 4e(69001#69002#69003#69004#69005#69006#69007#69008#69009)|Caluire-et-Cuire(69300)|Mornant(69440#69440)|Corbas(69960)|Vaugneray(69670#69670)|Fleurieux-sur-l'Arbresle(69210)|Simandres(69360)|Saint-Bonnet-de-Mure(69720)|Limonest(69760)|Saint-Didier-au-Mont-d'Or(69370)|Val d'Oingt(69620)|Décines-Charpieu(69150#69150)|Limas(69400)|Saint-Genis-Laval(69230)|Rillieux-la-Pape(69140#69140)|Lyon 6e(69001#69002#69003#69004#69005#69006#69007#69008#69009)|Neuville-sur-Saône(69250)|Lyon 2e(69001#69002#69003#69004#69005#69006#69007#69008#69009)|Taluyers(69440#69440)|Lyon 5e(69001#69002#69003#69004#69005#69006#69007#69008#69009)|Saint-Cyr-au-Mont-d'Or(69450)|Lyon 3e(69001#69002#69003#69004#69005#69006#69007#69008#69009)|Vindry-sur-Turdine|Pommiers(69480)|Tassin-la-Demi-Lune(69160)|Odenas(69460)|Lyon 1er(69001#69002#69003#69004#69005#69006#69007#69008#69009)|Saint-Priest(69800)|Lucenay(69480)|Vourles(69390#69390)|Frontenas(69620)|Villeurbanne(69100)|Chevinay(69210)|Charbonnières-les-Bains(69260)|Lyon 8e(69001#69002#69003#69004#69005#69006#69007#69008#69009)|Ville-sur-Jarnioux(69640)|Dardilly(69570)|Theizé(69620)|Champagne-au-Mont-d'Or(69410)|Mions(69780)|La Tour-de-Salvagny(69890)|Grandris(69870)|Saint-Pierre-de-Chandieu(69780)|Belleville-en-Beaujolais(69220)|Genas(69740)|Villefranche-sur-Saône(69400)|Vernaison(69390)|Albigny-sur-Saône(69250)|Chassieu(69680)|Brindas(69126)
14,Calvados,Saint-Pierre-en-Auge(14170)|Trouville-sur-Mer(14360)|Saint-Pierre-sur-Dives|Falaise(14700)|Bavent(14860#14860)|Cricqueboeuf|Saint-Benoît-d'Hébertot(14130)|Manneville-la-Pipard(14130)|Saint-Pierre-Azif(14950)|Houlgate(14510)|Courseulles-sur-Mer(14470)|Deauville(14800)|Hermanville-sur-Mer(14880)|Fontaine-le-Pin(14190)|Rots(14740#14740#14980)|Lisieux(14100)|Creully|Ponts-sur-Seulles|Pierrefitte-en-Auge(14130)|Mathieu(14920)|Cabourg(14390)|Honfleur(14600#14600)|Aunay sur Odon|Douville-en-Auge(14430)|Cambremer(14340#14340#14340#14340)|Saint-Martin-aux-Chartrains(14130)|Ernes(14270)|Villerville(14113)|Biéville-Beuville(14112#14112)|Port-en-Bessin-Huppain(14520#14520)|Saint-Arnoult(14800)|Rosel(14740)|Pont-l'Évêque(14130)|Bernières-sur-Mer(14990)|Arromanches-les-Bains(14117)|Surville(14130)|Bayeux(14400)|Tourgéville(14800)|Cairon(14610)|Le Mesnil-sur-Blangy(14130)|Genneville(14600)|Merville-Franceville-Plage(14810)|Saint-Laurent-sur-Mer(14710)|Beuvron-en-Auge(14430)|Caen(14000)|Saint-Manvieu-Norrey(14740#14740)|Le Molay-Littry(14330#14330)|Valdallière(14350#14350#14350#14410#14410#14410#14410#14410#14410#14410#14410#14410#14410#14410)
72,Sarthe,Saint-Maixent(72320)|Brûlon(72350)|Domfront-en-Champagne(72240)|Chateau-du-Loir|Marolles-les-Braults(72260)|Loué(72540)|Coulans-sur-Gée(72550)|Yvré-l'Évêque(72530)|Sablé-sur-Sarthe(72300)|La Bazoge(72650)|La Bruère-sur-Loir(72500)|Saint-Biez-en-Belin(72220)|Savigné-l'Évêque(72460)|Fresnay-sur-Sarthe(72130)|La Flèche(72200)|Le Mans(72000#72100)|Guécélard(72230)|Changé(72560)|Précigné(72300)|Bazouges-Cré-sur-Loir
85,Vendée,Les Sables-d'Olonne(85100)|Beauvoir-sur-Mer(85230)|Curzon(85540)|Jard-sur-Mer(85520)|Bretignolles-sur-Mer(85470)|Brem-sur-Mer(85470#85470)|Saint-Paul-en-Pareds(85500)|La Roche-sur-Yon(85000)|La Rabatelière(85250)|Nesmy(85310)|Longeville-sur-Mer(85560)|Nieul-le-Dolent(85430)|Palluau(85670)|La Guérinière(85680)|Moutiers-sur-le-Lay(85320)|Noirmoutier-en-l'Île(85330)|L'Épine(85740)|Notre-Dame-de-Monts(85690)|Les Achards(85150)|L'Île-d'Yeu(85350#85350)|L'Aiguillon-sur-Mer(85460)|Vairé(85150)|L'Île-d'Olonne(85340)|Saint-Jean-de-Monts(85160)|Longèves(85200)|Moutiers-les-Mauxfaits(85540)|La Tranche-sur-Mer(85360)|Chantonnay(85110#85110)|Montréverd(85260#85260#85260)|Talmont-Saint-Hilaire(85440#85440)|Fontenay-le-Comte(85200#85200)|Montaigu-Vendée(85600)|Sainte-Foy(85150)|La Gaubretière(85130)|Saint-Hilaire-de-Riez(85270#85270)|Saint-Vincent-sur-Jard(85520)|Les Herbiers(85500)|Challans(85300)|Saint-Gilles-Croix-de-Vie(85800)|Le Perrier(85300)|Le Champ-Saint-Père(85540)|Montaigu(85600)|Luçon(85400)|Grosbreuil(85440)
49,Maine-et-Loire,Yzernay(49360)|Rochefort-sur-Loire(49190)|Chaudefonds-sur-Layon(49290)|Bouchemaine(49080)|Mouliherne(49390)|Mûrs-Erigné(49610)|Morannes-sur-Sarthe|Angers(49000#49100)|Loire-Authion(49140#49250#49630#49800#49800#49800#49800)|Jallais|Segré-en-Anjou-Bleu|Longuenée-en-Anjou(49220#49770#49770#49770)|Cholet(49300#49300)|Rives-du-Loir-en-Anjou|Doué-en-Anjou(49700)|Verrières-en-Anjou(49112#49480)|Brissac-Loire-Aubance|Terranjou(49380)|La Séguinière(49280)|Noyant-Villages(49490)|Blaison-Saint-Sulpice(49320#49320#49320)|Avrillé(49240)|Saumur(49400#49400#49400#49400#49400)|Bellevigne-en-Layon(49380#49380#49380#49380#49750)|Grez-Neuville(49220)|Le Lion-d'Angers(49220#49220)|Candé(49440)|Bellevigne-les-Châteaux|Verrie(49400)|Baugé-en-Anjou(49150#49150#49150#49150#49150#49150#49150#49150#49150#49150#49150#49150#49150#49150#49150)
41,Loir-et-Cher,Pierrefitte-sur-Sauldre(41300)|Romorantin-Lanthenay(41200)|Theillay(41300)|Salbris(41300)|Lassay-sur-Croisne(41230)|Chaumont-sur-Loire(41150)|Montoire-sur-le-Loir(41800#41800)|Landes-le-Gaulois(41190)|Contres(41700)|Faverolles-sur-Cher(41400)|Gièvres(41130)|Talcy(41370)|Blois(41000)|Saint-Aignan(41110)|Veuves(41150)|Le Controis-en-Sologne|Romilly(41270)|Veuzain-sur-Loire(41150)|Chémery(41700)|Selles-sur-Cher(41130)|La Ferté-Saint-Cyr(41220)|Vendôme(41100)|Vernou-en-Sologne(41230)|Molineuf|Lamotte-Beuvron(41600)
37,Indre-et-Loire,Mettray(37390)|Saint-Roch(37390)|Saint-Cyr-sur-Loire(37540)|Savonnières(37510)|Beaulieu-lès-Loches(37600)|Villedômer(37110)|Sainte-Maure-de-Touraine(37800)|Nouans-les-Fontaines(37460)|Neuillé-Pont-Pierre(37360)|Descartes(37160)|Tournon-Saint-Pierre(37290)|Vouvray(37210)|Azay-le-Rideau(37190)|Langeais(37130)|Sepmes(37800)|Nouzilly(37380)|Montlouis-sur-Loire(37270)|Fondettes(37230)|Loches(37600)|Amboise(37400)|Château-la-Vallière(37330)|Chinon(37500)|Saint-Avertin(37550)|Tours(37000#37100#37200)|Rivarennes(37190)|Château-Renault(37110)
29,Finistère,Clohars-Carnoët(29360#29360)|Névez(29920#29920)|Lanvéoc(29160)|Saint-Pol-de-Léon(29250)|Pont-Croix(29790)|Pont-Aven(29930)|Plouégat-Guérand(29620)|Santec(29250)|Plounéour-Trez(29890)|Port-manech|Treffiagat(29730)|Lampaul-Plouarzel(29810)|Moëlan-sur-Mer(29350#29350)|Plougastel-Daoulas(29470)|Brest(29200)|Guissény(29880)|Scaër(29390)|Tréflez(29430)|Quimper(29000)|Spézet(29540)|Plogonnec(29180)|Carantec(29660)|Plozévet(29710)|Ploéven(29550)|Landunvez(29840)|Mahalon(29790)|Beuzec-Cap-Sizun(29790)|Roscanvel(29570)|Concarneau(29900)|Tréogat(29720)|Ergué-Gabéric(29500)|Camaret-sur-Mer(29570)|Carhaix-Plouguer(29270)|Quimperlé(29300)|Pont-l'Abbé(29120)|Roscoff(29680)|Crozon(29160#29160#29160)|Fouesnant(29170#29170)|Huelgoat(29690)|Landéda(29870#29870)|Loctudy(29750)|Plomodiern(29550)|Cléder(29233)|Guipavas(29490)|Châteaulin(29150)|Tréguennec(29720)|Plouhinec(29780)|Morlaix(29600)|Porspoder(29840#29840)|Plonéour-Lanvern(29720)|Douarnenez(29100#29100)|Saint-Méen(29260)|Bénodet(29950)|Combrit(29120)|Trégunc(29910)|Gouesnach(29950)|La Forêt-Fouesnant(29940)|Riec-sur-Belon|Île-de-Batz(29253)|Le Relecq-Kerhuon(29480)|Plougasnou(29630#29630)|Plougonvelin(29217#29217)|Penmarch(29760#29760)
51,Marne,Fismes(51170)|Sézanne(51120)|Châlons-en-Champagne(51000)|Épernay(51200)|Reims(51100#51100)
40,Landes,Saint-Jean-de-Marsacq(40230)|Moliets-et-Maa(40660)|Pouillon(40350)|Orx(40230)|Dax(40100)|Capbreton(40130)|Saubion(40230)|Saint-Martin-de-Seignanx(40390)|Lahosse(40250)|Saint-Paul-lès-Dax(40990)|Luxey(40430)|Mont-de-Marsan(40000)|Saugnacq-et-Muret(40410)|Tarnos(40220)|Soustons(40140)|Sanguinet(40460)|Messanges(40660)|Saint-Geours-de-Maremne(40230)|Orist(40300)|Seignosse(40510)|Labenne(40530)|Oeyreluy(40180)|Soorts-Hossegor(40150)|Tosse(40230)|Saint-Laurent-de-Gosse(40390)|Saint-Vincent-de-Tyrosse(40230)|Castets(40260)|Hossegor|Mugron(40250)|Angresse(40150)|Peyrehorade(40300)|Biscarrosse(40600#40600)|Magescq(40140)|Moustey(40410)
05,Hautes-Alpes,La Roche-des-Arnauds(05400)|Briançon(05100)|Agnières-en-Dévoluy|Le Monêtier-les-Bains(05220)|Puy-Saint-Vincent(05290)|La Saulce(05110)|Saint-Véran(05350)|Châteauroux-les-Alpes(05380)|Veynes(05400)|Gap(05000#05000)|Les Orres(05200)|Embrun(05200)|Chorges(05230)|Crots(05200)|Tallard(05130)|Montgenèvre(05100)|Saint-André-d'Embrun(05200)|Laragne-Montéglin(05300)
97,,Terre-de-Bas|La riviere|Les Trois-Bassins|Sainte-Luce|Saint-François|Saint-Leu|Trois-Rivières|Saint-Denis|Saint-Martin|Bellefontaine|Fort-de-France|Les Anses-d'Arlet|Sainte-Anne|Saint-André|Le Moule|Le Tampon|La Trinité|Petit-Bourg|Le Lamentin|Le Robert|Le François|Bouillante|Saint-Louis|L'Étang-Salé|La bretagne|Capesterre-Belle-Eau|Le Diamant|Le Marin|Ducos|Baie-Mahault|Les Trois-Îlets|Le Carbet|Petite-Île|Saint-Pierre|Deshaies|Schoelcher|Pointe-Noire|Le Vauclin
02,Aisne,Neuilly-Saint-Front(02470)|Montreuil-aux-Lions(02310)|Laon(02000)|Villers-Cotterêts(02600#02600)|Monthenault(02860)|Longpont(02600)|Hirson(02500)|Marle(02250)|Saint-Quentin(02100)|Soissons(02200)|Guise(02120)
66,Pyrénées-Orientales,Canohès(66680)|Amélie-les-Bains-Palalda(66110)|Canet-plage|Saint-Marsal(66110)|Le Boulou(66160)|Saint-Cyprien(66750#66750)|Thuir(66300)|Saint-Pierre-dels-Forcats(66210)|Espira-de-l'Agly(66600)|Laroque-des-Albères(66740)|Saint-Estève(66240)|Montesquieu-des-Albères(66740)|Latour-Bas-Elne(66200)|Ria-Sirach(66500)|Banyuls-sur-Mer(66650)|Saint-cyprien-plage|Le Soler(66270)|Estoher(66320)|Arles-sur-Tech(66150)|Torreilles(66440)|Prades(66500)|Corsavy(66150)|Eus(66500)|Trouillas(66300)|Sorède(66690)|Bompas(66430)|Pollestres(66450)|Font-Romeu-Odeillo-Via(66120#66120)|Collioure(66190)|Bolquère(66210#66210)|Rivesaltes(66600)|Argelès-sur-Mer(66700#66700)|Villelongue-dels-Monts(66740)|Bourg-Madame(66760#66760)|Cerbère(66290)|Villeneuve-de-la-Raho(66180)|Saint-Jean-Pla-de-Corts(66490)|Vinça(66320)|Les Angles(66210)|Céret(66400)|Pia(66380)|Cabestany(66330)|Cases-de-Pène(66600)|Sainte-Marie|Perpignan(66000#66100)|Pézilla-la-Rivière(66370)|Port-Vendres(66660)|Saint-Hippolyte(66510)|Ille-sur-Têt(66130)|Sainte-Marie-la-Mer(66470)|Brouilla(66620)|Canet-en-Roussillon(66140#66140)|Maureillas-las-Illas(66480#66480#66480)
60,Oise,Le Plessis-Belleville(60330)|Compiègne(60200)|Mouy(60250)|Senlis(60300)|Saint-Just-en-Chaussée(60130)|Lacroix-Saint-Ouen(60610)|Crépy-en-Valois(60800)|Orry-la-Ville(60560)|Lamorlaye(60260)|Sainte-Geneviève(60730)|Grandvilliers(60210)|Beauvais(60000)|Ponchon(60430)|Noailles(60430)|Chaumont-en-Vexin(60240)
59,Nord,Genech(59242)|Steenwerck(59181#59181)|Halluin(59250)|Lambersart(59130)|Armentières(59280#59280)|Saint-Saulve(59880)|Villeneuve-d'Ascq(59491#59493#59650)|Brillon(59178)|Wasquehal(59290)|Auchy-lez-Orchies(59310)|Cambrai(59400#59400)|Fretin(59273)|Lille(59000#59160#59260#59777#59800)|Saint-Amand-les-Eaux(59230)|Avelin(59710)|Douai(59500#59500#59500)|Wambrechies(59118)|Valenciennes(59300)|Croix(59170)|Landas(59310)|Orchies(59310)|Tourcoing(59200)|Sailly-lez-Lannoy(59390)|Mérignies(59710)|Marcq-en-Baroeul|Mouvaux(59420)|Phalempin(59133)|Morbecque(59190)|Moncheaux(59283)|Marquette-lez-Lille(59520)|Pérenchies(59840)|La Chapelle-d'Armentières(59930)|Verlinghem(59237)|Bousbecque(59166)|Escobecques(59320)|La Madeleine(59110)|Mons-en-Pévèle(59246)|Téteghem-Coudekerque-Village(59229#59380)|Illies(59480)|Caëstre(59190)|Linselles(59126)|Beaucamps-Ligny(59134)|Hem(59510)|Raimbeaucourt(59283)|Santes(59211)|Bondues(59910)|Thumeries(59239)|Sainghin-en-Mélantois(59262)|Tourmignies(59551)|Dunkerque(59140#59240#59240#59240#59279#59430#59430#59640#59640)|Prémesques(59840#59840)|Capinghem(59160)|Gruson(59152)|Pont-à-Marcq(59710)
73,Savoie,Entrelacs(73410#73410#73410#73410#73410#73410#73410)|Albertville(73200)|Les Avanchers-Valmorel(73260)|Saint-Jean-d'Arvey(73230)|Les menuires|Sainte-Foy-Tarentaise(73640)|Vimines(73160)|Tignes(73320)|Les arcs|Peisey-Nancroix(73210)|Montvalezan(73700)|Crest-Voland(73590)|Grésy-sur-Aix(73100)|Notre-Dame-de-Bellecombe(73590)|Serrières-en-Chautagne(73310)|Pralognan-la-Vanoise(73710)|Saint-François-Longchamp|La Chambre(73130)|Aime-la-Plagne(73210#73210#73210#73210#73210#73210)|Champagny-en-Vanoise(73350)|Bassens(73000)|Val-d'Isère(73150)|Hauteville-gondon(73390)|Gilly-sur-Isère(73200)|Saint-Martin-de-Belleville|La toussuire|Hauteluce(73620)|Saint-Alban-Leysse(73230)|Le Pont-de-Beauvoisin(73330)|Aillon-le-Vieux(73340)|Allondaz(73200)|Viviers-du-Lac(73420)|Saint-Béron(73520)|Valgelon-La Rochette|Chambéry(73000)|Bourg-Saint-Maurice(73700#73700#73700)|Aix-les-Bains(73100)|Val-thorens|Mouxy(73100)|La Ravoire(73490)|Montagnole(73000)|Barberaz(73000)|Tournon(73460)|Chindrieux(73310)|Courchevel(73120#73120)|Landry(73210)|Séez(73700)|Fontcouverte-la Toussuire|Meribel-les-allues|Drumettaz-Clarafond(73420)|Brison-Saint-Innocent(73100)|La Motte-Servolex(73290)
84,Vaucluse,Goult(84220)|Saint-Didier(84210)|Le Barroux(84330)|Caderousse(84860)|Beaumes-de-Venise(84190)|Cabrières-d'Avignon(84220)|Valréas(84600)|Ansouis(84240)|Saint-Saturnin-lès-Apt(84490)|Lourmarin(84160)|Monteux(84170)|Sault(84390)|Aubignan(84810)|Le Pontet(84130)|Villedieu(84110)|Mormoiron(84570)|Viens(84750)|Mondragon(84430)|Entraigues-sur-la-Sorgue(84320)|Rasteau(84110)|La Roque-sur-Pernes(84210)|Saint-Pierre-de-Vassols(84330)|La Bastide-des-Jourdans(84240)|Jonquières(84150)|Apt(84400)|Robion(84440)|Orange(84100)|Sablet(84110)|Velleron(84740)|Camaret-sur-Aigues(84850)|Villars(84400)|Saint-Martin-de-Castillon(84750)|Cavaillon(84300#84300)|Taillades(84300)|Saint-Marcellin-lès-Vaison(84110)|Carpentras(84200)|Mérindol(84360)|Beaumettes(84220)|Beaumont-du-Ventoux(84340)|Sainte-Cécile-les-Vignes(84290)|Caromb(84330)|Vaison-la-Romaine(84110)|Le Thor(84250)|Bollène(84500)|Lacoste(84480)|Lauris(84360)|Bédarrides(84370)|Bonnieux(84480)|Les vigneres|Saint-Saturnin-lès-Avignon(84450)|Fontaine-de-Vaucluse(84800)|Ménerbes(84560)|Althen-des-Paluds(84210)|Puget(84360)|Saumane-de-Vaucluse(84800)|Roussillon(84220)|Châteauneuf-du-Pape(84230)|Oppède(84580)|Joucas(84220)|Cucuron(84160)|Gargas(84400)|Caumont-sur-Durance(84510)|Entrechaux(84340)|Gordes(84220)|Venasque(84210)|Pertuis(84120)|Grambois(84240)|Saint-Hippolyte-le-Graveyron(84330)|Puyméras(84110)|Sarrians(84260)|Cadenet(84160)|L'Isle-sur-la-Sorgue(84800)|Lagnes(84800)|Visan(84820)|Malaucène(84340)|Malemort-du-Comtat(84570)|Courthézon(84350)|Pernes-les-Fontaines(84210)|Mazan(84380)|Vedène(84270)|Uchaux(84100)|Le Beaucet(84210)|Avignon(84000#84140)|Maubec(84660)|Loriol-du-Comtat(84870)|Châteauneuf-de-Gadagne(84470)|Murs(84220)|La Motte-d'Aigues(84240)|Bédoin(84410)|Vacqueyras(84190)|Piolenc(84420)
71,Saône-et-Loire,Autun(71400#71400)|Cluny(71250)|La Genête(71290)|Mercurey(71640#71640)|Mâcon(71000#71000#71000#71000#71000)|Chalon-sur-Saône(71100)|Romanèche-Thorins(71570)|Tournus(71700)|Varennes-lès-Mâcon(71000)|Charnay-lès-Mâcon(71850)|Clessé(71260)|Le Fay(71580)|Mellecey(71640#71640)|Givry(71640)
46,Lot,Figeac(46100)|Prayssac(46220)|Les Quatre-Routes-du-Lot(46110)|Lalbenque(46230)|Valroufié(46090)|Belfort-du-Quercy(46230)|Puy-l'Évêque(46700)|Lacapelle-Cabanac(46700)|Marcilhac-sur-Célé(46160)|Gourdon(46300)|Cahors(46000)|Souillac(46200)|Miers(46500)|Saint-Cirq-Lapopie(46330)|Sérignac(46700)|Frayssinet(46310)|Saint-Jean-Lespinasse(46400)|Gorses(46210)|Payrac(46350)|Gramat(46500)|Saint-Pantaléon(46800)|Cassagnes(46700)|Montgesty(46150)|Castelnau-Montratier|Martel(46600)|Catus(46150)|Lentillac-Saint-Blaise(46100)|Duravel(46700)|Promilhanes(46260)|Castelnau Montratier-Sainte Alauzie(46170)|Montcuq|Salviac(46340)|Varaire(46260)
82,Tarn-et-Garonne,Lauzerte(82110)|Touffailles(82190)|Montpezat-de-Quercy(82270)|Bourg-de-Visa(82190)|Lamagistère(82360)|Sauveterre(82110)|Puylaroque(82240)|Dieupentale(82170)|Verdun-sur-Garonne(82600)|Montauban(82000)|Castelsarrasin(82100)|Moissac(82200)|Belvèze(82150)|Roquecor(82150)|Saint-Antonin-Noble-Val(82140)|Monteils(82300)|L'Honor-de-Cos(82130)|Labarthe(82220)|Saint-Paul-d'Espis(82400)
81,Tarn,Marssac-sur-Tarn(81150)|Réalmont(81120)|Vaour(81140)|Graulhet(81300)|Labruguière(81290)|Terssac(81150)|Cordes-sur-Ciel(81170)|Puycelci|Castelnau-de-Montmiral(81140)|Gaillac(81600)|Aussac(81600)|Pont-de-Larn(81660)|Lombers(81120)|Brassac(81260)|Puylaurens(81700)|Anglès(81260)|Cahuzac-sur-Vère(81140)|Puycalvel(81440)|Giroussens(81500)|Lautrec(81440)|Cestayrols(81150)|Sainte-Cécile-du-Cayrou(81140)|Albi(81000)|Castres(81100)|Lavaur(81500)|Saint-Sulpice|Parisot(81310)|Rabastens(81800)|Valderiès(81350)|Lisle-sur-Tarn(81310)|Mazamet(81200)
01,Ain,Neyron(01700)|Cessy(01170)|Beynost(01700)|Ferney-Voltaire(01210)|Savigneux(01480)|Dagneux(01120)|Lancrans(01200)|Massieux(01600)|Belley(01300)|Buellas(01310#01310)|Chevry(01170)|Échenevex(01170)|Ramasse(01250)|Bourg-en-Bresse(01000#01000)|Thoiry(01710)|Éloise|Trévoux(01600)|Prévessin-Moëns(01280#01280)|Saint-André-d'Huiriat(01290)|Rancé(01390)|Divonne-les-Bains(01220)|Villeneuve(01480)|Jassans-Riottier(01480)|Valserhône|Fareins(01480)|Ornex(01210)|Gex(01170)|Ars-sur-Formans(01480)|Champagne-en-Valromey(01260#01260#01260)|Saint-Jean-de-Gonville(01630)|Collonges(01550)|Groslée-Saint-Benoit(01300#01680)|Mionnay(01390)|Challex(01630)|Grilly(01220)|Crozet(01170)|Ambérieu-en-Bugey(01500)|Viriat(01440)|Saint-Genis-Pouilly(01630)
47,Lot-et-Garonne,Duras(47120)|Agen(47000)|Saint-Pardoux-Isaac(47800)|Tournon-d'Agenais(47370)|Penne-d'Agenais(47140)|Layrac(47390)|Beaugas(47290)|Masquières(47370)|Madaillan(47360)|Bon-Encontre(47240)|Le Passage(47520)|Le Mas-d'Agenais(47430)|Casteljaloux(47700)|Pont-du-Casse(47480)|Lauzun(47410)|Cancon(47290)|Tonneins(47400)|Villeneuve-sur-Lot(47300)|Laroque-Timbaut(47340)|Villeréal(47210)|Nérac(47600)|Marmande(47200)|Monflanquin(47150)|Clairac(47320)|Saint-Sernin(47120)|Fumel(47500)
07,Ardèche,Lespéron(07660)|Les Vans(07140#07140#07140#07140)|Vals-les-Bains(07600)|Saint-Privat(07200)|Lussas(07170)|Chassiers(07110)|Montréal(07110)|Sécheras(07610)|Labeaume(07120)|Viviers(07220)|Ruoms(07120)|Le Lac-d'Issarlès(07470)|Chomérac(07210)|Saint-Remèze(07700)|Laurac-en-Vivarais(07110)|Lablachère(07230)|Toulaud(07130)|Colombier-le-Vieux(07410)|Le Teil(07400)|Saint-Martin-d'Ardèche(07700)|Saint-Georges-les-Bains(07800)|Saint-Sauveur-de-Montagut(07190)|Joyeuse(07260)|Ucel(07200)|Aubenas(07200)|Privas(07000)|Saint-Sylvestre(07440)|Tournon-sur-Rhône(07300)|Bourg-Saint-Andéol(07700)|Annonay(07100)|Chirols(07380)|Saint-André-de-Cruzières(07460)|Bogy(07340)|Vallon-Pont-d'Arc(07150)
87,Haute-Vienne,Aixe-sur-Vienne(87700)|Limoges(87000#87100#87100#87280#87280)
45,Loiret,Ingré(45140)|Briare(45250)|Ouzouer-des-Champs(45290)|Thou(45420)|Châteauneuf-sur-Loire(45110)|Beaugency(45190)|Montargis(45200)|Guilly(45600)|Isdes(45620)|Olivet(45160)|Meung-sur-Loire(45130)|Saint-Jean-le-Blanc(45650)|Varennes-Changy(45290)|Sully-sur-Loire(45600)|Ferrières-en-Gâtinais(45210)|Saint-Pryvé-Saint-Mesmin(45750)|Amilly(45200)|Ardon(45160)|Châtillon-sur-Loire(45360)|Bazoches-sur-le-Betz(45210)|Saint-Denis-en-Val(45560)|La Chapelle-Saint-Mesmin(45380)|Vienne-en-Val(45510)|La Ferté-Saint-Aubin(45240)|Orléans(45000#45100#45100)|Vieilles-Maisons-sur-Joudry(45260)|Pithiviers(45300)|Vitry-aux-Loges(45530)
63,Puy-de-Dôme,La Roche-Noire(63800)|La Tour-d'Auvergne(63680)|Celles-sur-Durolle(63250#63250)|Lezoux(63190)|Saint-Quintin-sur-Sioule(63440)|Ceyrat(63122#63122)|Pionsat(63330)|Bourg-Lastic(63760)|Chamalières(63400)|Le Crest(63450)|Maringues(63350)|Clermont-Ferrand(63000#63100)
91,Essonne,Viry-Châtillon(91170)|Yerres(91330)|Saint-Chéron(91530)|Chalo-Saint-Mars(91780)|Villebon-sur-Yvette(91140)|Janvry(91640)|Morigny-Champigny(91150)|Boutigny-sur-Essonne(91820)|Breuillet(91650)|Marcoussis(91460)|Sainte-Geneviève-des-Bois(91700)|Chilly-Mazarin(91380)
27,Eure,Sylvains-les-Moulins|Saint-André-de-l'Eure(27220)|Évreux(27000#27000)|Le Bois-Hellain(27260)|Beaumesnil|Le Landin(27350)|Louviers(27400)|Beaumont-le-Roger(27170)|Bernay(27300)|Étrépagny(27150)|Houlbec-Cocherel(27120)|Saint-Pierre-de-Bailleul(27920)|Brosville(27930)|Giverny(27620)|Vaux-sur-Eure(27120)|Lyons-la-Forêt(27480)|Tillières-sur-Avre(27570)|Saint-Marcel(27950)|Verneuil d'Avre et d'Iton(27130)|Pacy-sur-Eure(27120)|Douville-sur-Andelle(27380)|Chambray(27120)|Damville|Bourg-Achard(27310)|Pressagny-l'Orgueilleux(27510)|Vesly(27870)|Vernon(27200)|Saint-Maclou(27210)|Pont-Audemer(27500#27500)|Grand Bourgtheroulde(27520#27520#27520#27520#27520)
80,Somme,Abbeville(80100)|Le Crotoy(80550)|Ault(80460)|Liancourt-Fosse(80700)|Crécy-en-Ponthieu(80150#80150)|Moreuil(80110)|Amiens(80000#80080#80090)|Arvillers(80910)
76,Seine-Maritime,Cailly(76690)|Sainte-Adresse(76310)|Épreville(76400)|Neufchâtel-en-Bray(76270)|Mont-Saint-Aignan(76130)|Bois-Guillaume(76230)|Goderville(76110)|Douvrend(76630)|Octeville-sur-Mer(76930)|Le Havre(76600#76610#76610#76620)|Saint-Martin-du-Vivier(76160)|Ménerval(76220)|Sainte-Marie-au-Bosc(76280)|Fontaine-la-Mallet(76290)|Forges-les-Eaux(76440#76440)|Gournay-en-Bray(76220)|Yerville(76760)|Saint-Étienne-du-Rouvray(76800)|Cany-Barville(76450)|Blangy-sur-Bresle(76340)|Saint-Jean-de-Folleville(76170)|Mesnil-Panneville(76570)|Étretat(76790)|Rouen(76000#76100)|Saint-Valery-en-Caux(76460)|Caudebec-lès-Elbeuf(76320)|Luneray(76810)|Les Grandes-Ventes(76950)|Yvetot(76190)
61,Orne,Bellou-le-Trichard(61130)|Le Pin-au-Haras(61310)|Le Ménil-Bérard(61270)|Joué-du-Plain(61150)|Juvigny-Val-D'Andaine|Alençon(61000)|Briouze(61220)|Courgeoût(61560)|Bellême(61130)|L'Aigle(61300)|Essay(61500)|Trun(61160)
79,Deux-Sèvres,Chef-Boutonne(79110)|Saint-Hilaire-la-Palud(79210)|Niort(79000#79000#79000#79000#79000)|Parthenay(79200)
04,Alpes-de-Haute-Provence,Sisteron(04200)|Esparron-de-Verdon(04800#04800)|Ongles(04230)|Allemagne-en-Provence(04500)|Revest-du-Bion(04150)|Banon(04150)|Pierrevert(04860)|Digne-les-Bains(04000#04000)|Cruis(04230)|Manosque(04100)|Simiane-la-Rotonde(04150#04150#04150)|Reillanne(04110)|Forcalquier(04300)|Montagnac-Montpezat(04500#04500)|Saint-Étienne-les-Orgues(04230)|Quinson(04500)|Thoard(04380#04380)|Oraison(04700)
09,Ariège,Ax-les-Thermes(09110)|Foix(09000)|Pamiers(09100)|Mirepoix(09500)|Saint-Paul-de-Jarrat(09000)|Crampagna(09120)|Varilhes(09120)|Tarascon-sur-Ariège(09400#09400)|La Bastide-de-Sérou(09240)|Lézat-sur-Lèze(09210)|Mazères(09270)|Ventenac(09120)|Saverdun(09700)
28,Eure-et-Loir,Senonches(28250#28250#28250)|Authon-du-Perche(28330)|Dreux(28100)|Dangeau(28160)|Nogent-le-Rotrou(28400)|Anet(28260)|Cherisy(28500)|Fontaine-Simon(28240)|Vernouillet(28500)|Abondant(28410)|Maintenon(28130)|Faverolles(28210)|Bonneval(28800)|Châteaudun(28200)|Chartres(28000)|Nogent-le-Roi(28210#28210)|Bû(28410)|Jouy(28300)
62,Pas-de-Calais,Stella|Le Touquet-Paris-Plage(62520)|Arras(62000)|Beussent(62170)|Saint-Laurent-Blangy(62223)|Saint-Martin-Lez-Tatinghem|Saint-Rémy-au-Bois(62870)|Étaples(62630)|Lorgies(62840)|Echinghen(62360)|Béthune(62400)|Neufchâtel-Hardelot(62152#62152)|Blendecques(62575)|Sainte-Catherine(62223)|Ambleteuse(62164)|Boulogne-sur-Mer(62200)|Cucq(62780#62780#62780)|Ablain-Saint-Nazaire(62153)|Sailly-sur-la-Lys(62840)|Calais(62100)|La Capelle-lès-Boulogne(62360)|Wissant(62179)|Condette(62360)|Isques(62360)|Merlimont(62155)|Wimereux(62930)|Saint-Léonard(62360)|Aire-sur-la-Lys(62120)|Montreuil(62170)|Écuires(62170)|Rebreuve-Ranchicourt(62150#62150)|Saint-Josse(62170)|Audresselles(62164)
65,Hautes-Pyrénées,Arreau(65240)|Luz-Saint-Sauveur(65120#65120)|Lourdes(65100)|Lannemezan(65300)|Tarbes(65000)|Trie-sur-Baïse(65220)|Vidouze(65700)|Argelès-Gazost(65400)|Vic-en-Bigorre(65500)
18,Cher,Allogny(18110)|Neuvy-sur-Barangeon(18330)|La Guerche-sur-l'Aubois(18150)|Bourges(18000)|Les Aix-d'Angillon(18220)|Vierzon(18100)|Sancerre(18300)|Saint-Amand-Montrond(18200)|Brinon-sur-Sauldre(18410)
93,Seine-Saint-Denis,Les Lilas(93260)|Neuilly-Plaisance(93360)|Montreuil(93100)|Noisy-le-Grand(93160)|Saint-Ouen(93400)|Pantin(93500)|Les Pavillons-sous-Bois(93320)|Le Raincy(93340)
10,Aube,Troyes(10000)|Vanlay(10210)|Trancault(10290)|La Chapelle-Saint-Luc(10600)|Éclance(10200)
94,Val-de-Marne,Créteil(94000)|Saint-Maur-des-Fossés(94100#94210)|Nogent-sur-Marne(94130)|Vitry-sur-Seine(94400)|Villiers-sur-Marne(94350)|Fontenay-sous-Bois(94120)|Bry-sur-Marne(94360)|Joinville-le-Pont(94340)|Le Perreux-sur-Marne(94170)|Saint-Mandé(94160)|Champigny-sur-Marne(94500#94500)|La Queue-en-Brie(94510)|Charenton-le-Pont(94220)
12,Aveyron,Espalion(12500)|La Salvetat-Peyralès(12440)|Ambeyrac(12260)|Causse-et-Diège(12700#12700#12700)|Marcillac-Vallon(12330)|Salles-la-Source(12330)|Arvieu(12120)|Najac(12270)|Saint-Georges-de-Luzençon(12100)|Saint-Affrique(12400)|Villecomtal(12580)|Bertholène(12310)|Rignac(12390)|Baraqueville(12160#12160)|Saint-Jean-et-Saint-Paul(12250)|Rivière-sur-Tarn(12640#12640)|Millau(12100)
32,Gers,Saint-Clar(32380)|Castéra-Verduzan(32410)|Laveraët(32230)|Simorre(32420)|Castex-d'Armagnac(32240)|Montesquiou(32320)|Montréal(32250)|Mirande(32300)|Maumusson-Laguian(32400)|Lombez(32220)|Castelnavet(32290)|Vic-Fezensac(32190#32190)|Roquepine(32100)|Ordan-Larroque(32350)|Samatan(32130)|Nogaro(32110)|Auch(32000)|L'Isle-Jourdain(32600)|Lectoure(32700)|Marciac(32230)|Bassoues(32320)|Termes-d'Armagnac(32400)|Gimont(32200)|Condom(32100)|Aignan(32290)
70,Haute-Saône,La Rosière(70310)|Gray(70100)
21,Côte-d'Or,Perrigny-lès-Dijon(21160)|Montbard(21500)|Varois-et-Chaignot(21490)|Barbirey-sur-Ouche(21410)|Fauverney(21110)|Dijon(21000)|Beaune(21200)|Fontaine-lès-Dijon(21121)|Santenay(21590)
95,Val-d'Oise,Écouen(95440)|Vétheuil(95510)|Cergy(95000#95000#95800)|Saint-Gratien(95210)|Argenteuil(95100)|Andilly(95580)|Sannois(95110)|La Roche-Guyon(95780)|Enghien-les-Bains(95880)
16,Charente,Bréville(16370)|Ruffec(16700)|Mansle(16230)|Angoulême(16000)|Montemboeuf|Champagne-Mouton(16350)|Touzac(16120)|Villebois-Lavalette(16320)|Chassors(16200)|Confolens(16500#16500)|Rougnac(16320)|Cognac(16100)|Aubeterre-sur-Dronne(16390)|Sers(16410)
39,Jura,Bletterans(39140)|Saint-Claude(39200#39200#39200#39200#39200#39200)|Lons-le-Saunier(39000)|Saint-Amour(39160)|Macornay(39570)|Hauts de Bienne(39400#39400#39400)|Asnans-Beauvoisin(39120#39120)
43,Haute-Loire,La Chaise-Dieu(43160)|Blanzac(43350)|Saint-Jean-de-Nay(43320)|Beauzac(43590)|Polignac(43000)|Le Monastier-sur-Gazeille(43150)|Sainte-Sigolène(43600)|Les Estables(43150)|Queyrières(43260)|Chaspinhac(43700)|Saint-Didier-en-Velay(43140)
55,Meuse,Raival(55260#55260)|Lacroix-sur-Meuse(55300)
42,Loire,La Fouillouse(42480)|Saint-Étienne(42000#42100#42100#42100#42230)|Roanne(42300#42300)|Saint-Cyr-de-Favières(42123)|Saint-Priest-en-Jarez(42270)|Saint-Paul-en-Cornillon(42240)|Saint-Laurent-la-Conche(42210)|Châteauneuf(42800)|Saint-Just-Saint-Rambert(42170#42170)
36,Indre,Ruffec(36300)|Châteauroux(36000)|Buzançais(36500)|Valençay(36600)|Le Blanc(36300)|La Châtre(36400)|Châtillon-sur-Indre(36700)|Crevant(36140)|Mézières-en-Brenne(36290)|Saint-Maur(36250#36250)
54,Meurthe-et-Moselle,Longuyon(54260#54260#54260)|Labry(54800)|Liverdun(54460)|Lenoncourt(54110)|Toul(54200)|Nancy(54000#54100)|Pont-à-Mousson(54700)
58,Nièvre,Nevers(58000)|Moulins-Engilbert(58290)|Clamecy(58500#58500#58500)|Decize(58300)
89,Yonne,Tonnerre(89700)|Sens(89100)|Paron(89100)|Chablis(89800#89800#89800#89800)|Villeneuve-sur-Yonne(89500)
53,Mayenne,Louverné(53950)|Laval(53000)|Évron(53600)|Saint-Denis-d'Anjou(53290)|Château-Gontier(53200#53200)|Craon(53400)
57,Moselle,Charly-Oradour(57640)|Marly(57155)|Sarrebourg(57400)|Metz(57000#57050#57070)|Raville(57530)
67,Bas-Rhin,Wiwersheim(67370)|Strasbourg(67000#67100#67200)|Diebolsheim(67230)|Plaine(67420#67420#67420)
25,Doubs,Besançon(25000)|Roche-lez-Beaupré(25220)|Montbéliard(25200)
48,Lozère,Saint-Germain-du-Teil(48340)|La Bastide-Puylaurent(48250)|Villefort(48800#48800)|Le Collet-de-Dèze(48160)|Grandrieu(48600)|Lajo(48120)|Langogne(48300)|Le Malzieu-Ville(48140)|Saint-Germain-de-Calberte(48370)
19,Corrèze,Aubazines(19190)|Beaulieu-sur-Dordogne(19120)|Brive-la-Gaillarde(19100)|Turenne(19500)
15,Cantal,Madic(15210)|Fontanges(15140)|Mandailles-Saint-Julien(15590#15590)|Chanterelle(15190)
03,Allier,Vichy(03200)|Audes(03190)|Magnet(03260)|Serbannes(03700)|Moulins(03000)|Montluçon(03100)|Yzeure(03400)|Colombier(03600)|Charroux(03140)
88,Vosges,Cornimont(88310)|Gérardmer(88400)
fr,,France
23,Creuse,Jouillat(23220)
52,Haute-Marne,Andelot-Blancheville(52700#52700)
